source_id,authority,source_title,source_url,publication_year,verification_notes
SRC-01,ICAR - Indian Council of Agricultural Research,Handbook of Agriculture & Crop Protection Protocols,https://icar.org.in/,2023,Apex national agricultural research body in India.
SRC-02,"ICAR - National Rice Research Institute (NRRI), Cuttack",Rice Diseases and IPM in India,https://icar-nrri.in/,2022,National institute for rice pathology and blast/blight research.
SRC-03,"ICAR - Indian Institute of Wheat and Barley Research (IIWBR), Karnal",Wheat Pathology & Rust Surveillance Bulletins,https://iiwbr.icar.gov.in/,2024,National rust surveillance authority.
SRC-04,"ICAR - Central Institute for Cotton Research (CICR), Nagpur",Cotton Diseases & Pest Identification Manual,https://cicr.icar.gov.in/,2023,National authority for cotton pathology and leaf curl virus.
SRC-05,"ICAR - Indian Institute of Horticultural Research (IIHR), Bengaluru",Vegetable Crop Disease Diagnostic Atlas,https://iihr.res.in/,2023,National research center for tomato and chilli pathology.
SRC-06,"ICAR - Central Potato Research Institute (CPRI), Shimla",Potato Diseases in India: Identification and Management,https://cpri.icar.gov.in/,2022,Authoritative research on Early and Late Blight.
SRC-07,"ICAR - Indian Institute of Maize Research (IIMR), Ludhiana",Maize Diseases and Fall Armyworm Advisory in India,https://iimr.icar.gov.in/,2023,National institute for maize foliar blight and rust.
SRC-08,"ICAR - National Bureau of Agricultural Insect Resources (NBAIR), Bengaluru",Invasive Pests & Biological Control Repository,https://www.nbair.res.in/,2024,National database on Fall Armyworm and agricultural insect pests.
SRC-09,PlantVillage Botanical Pathology Benchmark Dataset,PlantVillage Open Access Leaf Disease Image Dataset,https://plantvillage.psu.edu/,2016,Open access scientific reference dataset with laboratory validations.
